メンバー検索項目,,,
項目ID,項目名,項目種別（データタイプ）,操作
z6JbmwvYQcO5BKnec_FVAA,姓,メンバー項目（テキスト）,
SLjXIv1nQsi_LQ66l6ffog,名,メンバー項目（テキスト）,
sxWVQVnJTXeZJ_CKhOrzkA,姓(ヨミガナ),メンバー項目（テキスト）,
FGsjIKCMRb2Ow7cV6dO3Og,名(ヨミガナ),メンバー項目（テキスト）,
kNlAxfTYSOG4wYWt_zQXGQ,姓(ローマ字),メンバー項目（テキスト）,
casO712nQWmDWPD1bxTynA,名(ローマ字),メンバー項目（テキスト）,
aoB5bL4xQZufLBp31k0pxQ,ミドルネーム(現地語),メンバー項目（テキスト）,
bPPHl6NLS0-YMOVi1ztL9Q,ミドルネーム(英語),メンバー項目（テキスト）,
TYJ5hHDZSnugN4Lv6e45kw,メールアドレス,メンバー項目（テキスト）,
B5RlWXoJQyOAVcmj9TUIDg,メンバー番号,メンバー項目（テキスト）,
OXJOttwITGGKf6kj--PgRA,社員番号,メンバー項目（テキスト）,
4J9wMPgDQJmki9ycfx-Z7g,会社,グループ関連項目,
YGQOwkVSQC2Hh--lCEPNCw,在籍状況,メンバー項目（セレクト）,
H2jJmfZRR7Ct8k74XqDTjg,雇用形態,メンバー項目（セレクト）,
xvuf-80iRZa3GAjS41ifpw,肩書き,メンバー項目（テキスト）,
UYIpiYjGR9qjUHEFaPjc-Q,職種,メンバー項目（テキスト）,
BjTpbKICS9mSP4C6_XCpgg,組織,グループ関連項目,
tW5eXDQYQ5-veshwnZyjyQ,役職,メンバー項目（セレクト）,
hXas_xxKSvqcvJ2gkDmMRg,担当,メンバー項目（テキスト）,
LP0pOOTaSjShoklV1JzcIA,関与度合,メンバー項目（数値）,
メンバー検索項目を追加,,,
検索項目には、データタイプがテキスト・数字・日付・セレクトのメンバー項目とグループ関連項目を設定できます。,,,
項目ID,項目名,項目種別（データタイプ）,操作
59bClxAQQc-Y99TkEudFPA,携帯電話,メンバー項目（テキスト）,
PXhsk26XQqKddo5h60DHoA,固定電話,メンバー項目（テキスト）,
PsBNL-RnTMiXhUK57YPxFw,内線,メンバー項目（テキスト）,
0lEgTUouSK6_aQdJ22B4Bg,メールアドレス,メンバー項目（テキスト）,
hy4tpy-eRhGUrMpEZSWzVA,携帯電話,メンバー項目（テキスト）,
If0tm6VASU-TvzXAeOYMhQ,固定電話,メンバー項目（テキスト）,
8T7vR0yaSGSjeCXPWU93xQ,FAX,メンバー項目（テキスト）,
VQoMG34TFkfXtM25dtUeOw,郵便番号,メンバー項目（テキスト）,
HGhJFmx704I41daL06N8Yw,都道府県,メンバー項目（テキスト）,
MfXSxqo-ir0kwWn08ypbUw,市区町村,メンバー項目（テキスト）,
pYhWzlDHGc3UrLtoiaMSrw,町域,メンバー項目（テキスト）,
12groYtmhqNE8JZq6j6N7w,丁目,メンバー項目（テキスト）,
RMj2PgvPS0L0H3MXc3gyoA,番地と号,メンバー項目（テキスト）,
JvplfKo9QN6Ys-7ciiR8pQ,建物名と部屋番号等,メンバー項目（テキスト）,
kuCzw54vTX6epnB8mt5Jxg,アカウント削除日,メンバー項目（日付）,
Cebgqp1LSpmRbq1YXPmnsQ,性別,メンバー項目（セレクト）,
YT7SDibhQVWmRsoO_wHUKg,生年月日,メンバー項目（日付）,
5aQLxbNwSqXB16UXw6yjWQ,郵便番号,メンバー項目（テキスト）,
bMyiG2PrM32G5kSBhmo1Vg,都道府県,メンバー項目（テキスト）,
cElSX6BbMZNTDuDpodKWvQ,市区町村,メンバー項目（テキスト）,
yyWqt_GWAsu8YBJRzT4oYw,町域,メンバー項目（テキスト）,
1_tupqDybc7XUcz0zltY1A,丁目,メンバー項目（テキスト）,
Tkl2Tqo3jMioAbGg04XfPg,番地と号,メンバー項目（テキスト）,
sxeqvWcXVnjpcUobrQUgkg,建物名と部屋番号等,メンバー項目（テキスト）,
2vnEtwhiRcGv5IxcP-QuYA,事業所,グループ関連項目,
jRO_sYRESaeOLRWAZ5IUhw,座席番号,メンバー項目（テキスト）,
JGekh5CgSQOWuURHUZPVPg,セキュリティカード番号,メンバー項目（テキスト）,
EUOkNiK3SOungmVS0VW5vg,プロジェクト,グループ関連項目,
jWb5WPwQQYKsUcN5O8-e-A,プロジェクトでの役割,メンバー項目（セレクト）,
ad0Zq9XwT1WPpQrTA8GwrA,IIJ ID externalID,メンバー項目（テキスト）,
6ntJacXxQ_6ENmFBvo0NZQ,IIJ ID 役職,メンバー項目（テキスト）,
mc3k8hgMQtqVw22G7n2g7g,IIJ ID 所属,メンバー項目（テキスト）,
Xs-Uqfy4T-q1gCYjjnJ0JQ,IIJ ID 言語,メンバー項目（セレクト）,
mMc3mTBQRF62rBJsjeM9fQ,IIJ ID タイムゾーン,メンバー項目（セレクト）,
64rq7Nb-QhinqeV31laIBw,IIJ ID External user name,メンバー項目（テキスト）,
al9VymbMRAaZIxnrj6xLXA,IIJ ID 外部ID プロバイダ Issuer,メンバー項目（テキスト）,
dsvB96utTXykDcASK9PxmQ,IIJ ID 外部ID プロバイダ Subject,メンバー項目（テキスト）,
2ydDd77bSyic86ne7ilLoQ,IIJ ID 通知先メールアドレス,メンバー項目（テキスト）,
hltwifEzTjmF4PDBdtY_Tg,IIJ ID その他の通知先メールアドレス#1,メンバー項目（テキスト）,
C5g9pNvASL6dl2yfaWVVEA,IIJ ID その他の通知先メールアドレス#2,メンバー項目（テキスト）,
AOu_4TYvSzGmdyWqZaE1UQ,IIJ ID その他の通知先メールアドレス#3,メンバー項目（テキスト）,
dQ8wXiZ8RYG867QZNFCvAg,IIJ ID その他の通知先メールアドレス#4,メンバー項目（テキスト）,
sCJYbBwVTVCXRqX0z-ZsRA,IIJ ID 電話番号#1 値,メンバー項目（テキスト）,
_fXx1qQXSNuz6PVSUO0oEg,IIJ ID 電話番号#1 タイプ,メンバー項目（テキスト）,
tQYunTmOQkSfr4T7j8d7rw,IIJ ID 電話番号#1 表示名,メンバー項目（テキスト）,
kUbGKoR-RtSehcj8MWUbpg,IIJ ID 電話番号#2 値,メンバー項目（テキスト）,
Y8bYq7zYT1yW9_NUQQ7n8w,IIJ ID 電話番号#2 タイプ,メンバー項目（テキスト）,
_F2CDaTWRSS9BoqzONe4OA,IIJ ID 電話番号#2 表示名,メンバー項目（テキスト）,
P5EHPOuuSleMM2ZyXV4FGg,IIJ ID 電話番号#3 値,メンバー項目（テキスト）,
X--cFhB2QzCM71uiI8VD0A,IIJ ID 電話番号#3 タイプ,メンバー項目（テキスト）,
yIoAUIKQRiCPVUw46fR9Bw,IIJ ID 電話番号#3 表示名,メンバー項目（テキスト）,
uRFF3IXKTkaUWCKMsa4hqQ,IIJ ID 電話番号#4 値,メンバー項目（テキスト）,
X9uwgMX2RTGkbkTmJnbZ-g,IIJ ID 電話番号#4 タイプ,メンバー項目（テキスト）,
8O5JUKWZRl2YT1fiP_2HIQ,IIJ ID 電話番号#4 表示名,メンバー項目（テキスト）,
UR_uhNA7TEmlkA3lkdk3Ng,IIJ ID 電話番号#5 値,メンバー項目（テキスト）,
_VPp-umzQemtYNt2wYN71w,IIJ ID 電話番号#5 タイプ,メンバー項目（テキスト）,
HOADZtkFSq-EaWduwtuuUg,IIJ ID 電話番号#5 表示名,メンバー項目（テキスト）,
G-Zqv2I0Qc-XODZb5MBf5w,IIJ ID 電話番号#6 値,メンバー項目（テキスト）,
K6vBK2A5QGOKYTtwIAAFEw,IIJ ID 電話番号#6 タイプ,メンバー項目（テキスト）,
ponwHAqKTpK0Qf1-XYdSoA,IIJ ID 電話番号#6 表示名,メンバー項目（テキスト）,
MTp1_AejTS6U65u3NJt6IQ,IIJ ID 電話番号#7 値,メンバー項目（テキスト）,
ZdhEAEtLQwSgvhNUq8mDgA,IIJ ID 電話番号#7 タイプ,メンバー項目（テキスト）,
3R1Me_B6Q5qjXKgE07qIwQ,IIJ ID 電話番号#7 表示名,メンバー項目（テキスト）,
WL1JDkFJSTmgc9OmvQDUyA,IIJ ID 電話番号#8 値,メンバー項目（テキスト）,
yiY8ZgONR5i4Fjdt4EsO4Q,IIJ ID 電話番号#8 タイプ,メンバー項目（テキスト）,
KFVjx_rPTR6EYqANakEqcw,IIJ ID 電話番号#8 表示名,メンバー項目（テキスト）,
LYFwNpvXQ2q62kpTZKm_lA,IIJ ID 電話番号#9 値,メンバー項目（テキスト）,
gofED81jRMWxqjU8mf0--g,IIJ ID 電話番号#9 タイプ,メンバー項目（テキスト）,
ViKmzN2ZTA-O2DFUK06HwQ,IIJ ID 電話番号#9 表示名,メンバー項目（テキスト）,
gvtAycEWQJSNmOhrWp3SgQ,IIJ ID 電話番号#10 値,メンバー項目（テキスト）,
YVLYztR2RJet9mNckNg21A,IIJ ID 電話番号#10 タイプ,メンバー項目（テキスト）,
Z03rGMTFQT27uI7jLtRVkg,IIJ ID 電話番号#10 表示名,メンバー項目（テキスト）,
GgKLnqf9RD6IDGFrpZKRDw,IIJ ID ims#1 値,メンバー項目（テキスト）,
y2s3FghSRMmS1jiVniRkhg,IIJ ID ims#1 タイプ,メンバー項目（テキスト）,
vtLOW3MGToCLlBRyYRaaNA,IIJ ID ims#1 表示名,メンバー項目（テキスト）,
51nj0aAkRc-kqLmnSXFH_g,IIJ ID ims#2 値,メンバー項目（テキスト）,
2Efy5yN6QzGNAP4h11l6WA,IIJ ID ims#2 タイプ,メンバー項目（テキスト）,
e1Q_24NiQhmo-wBCBtVIMQ,IIJ ID ims#2 表示名,メンバー項目（テキスト）,
FMJ-rJNPR1iTZaxj4jzqIA,IIJ ID ims#3 値,メンバー項目（テキスト）,
o_s6322fR12LZQiiVrkzsA,IIJ ID ims#3 タイプ,メンバー項目（テキスト）,
Bi-zOr8YQpyG7sPZev_cLQ,IIJ ID ims#3 表示名,メンバー項目（テキスト）,
Er2ZfXv0SISjrnrkOFebMg,IIJ ID ims#4 値,メンバー項目（テキスト）,
XOv3K3QfQbqa1Z2ttU5xvQ,IIJ ID ims#4 タイプ,メンバー項目（テキスト）,
E-ZYaeFqRAanIcUvhHI8TQ,IIJ ID ims#4 表示名,メンバー項目（テキスト）,
a17XMrwoSD6_66Dj-oUlwA,IIJ ID ims#5 値,メンバー項目（テキスト）,
sgpo0WeXTZ6nIT48j7ooMg,IIJ ID ims#5 タイプ,メンバー項目（テキスト）,
VkDLJEAfT0ycg0LHupSSyg,IIJ ID ims#5 表示名,メンバー項目（テキスト）,
fjBap6YCTXW7YbymsGVOVw,IIJ ID ims#6 値,メンバー項目（テキスト）,
teTXqQxmTxqe7x-KvckVlw,IIJ ID ims#6 タイプ,メンバー項目（テキスト）,
6VX7XyU6RyyFOQLz0fZqEw,IIJ ID ims#6 表示名,メンバー項目（テキスト）,
pjsprnviQnKSj0aJ0OaBug,IIJ ID ims#7 値,メンバー項目（テキスト）,
iStPnMBJSPWnlanhfWRWOA,IIJ ID ims#7 タイプ,メンバー項目（テキスト）,
2LEb_dn7RIG7EMoIx6DcGg,IIJ ID ims#7 表示名,メンバー項目（テキスト）,
H8yxoLfQT_e5qvxXziXNdg,IIJ ID ims#8 値,メンバー項目（テキスト）,
mk36eO14RDW070D9gFYNng,IIJ ID ims#8 タイプ,メンバー項目（テキスト）,
dQ6vt3MMTNSmQAAk1ZkxTw,IIJ ID ims#8 表示名,メンバー項目（テキスト）,
Fo1NzVmdTaiwSVaZfwUKQQ,IIJ ID ims#9 値,メンバー項目（テキスト）,
2uHU7ajfSEeve_G6rQFMzA,IIJ ID ims#9 タイプ,メンバー項目（テキスト）,
etEqp6JhQEODGhCRjbyNlQ,IIJ ID ims#9 表示名,メンバー項目（テキスト）,
vxvUnTb-SvqN7hRhyGfLlg,IIJ ID ims#10 値,メンバー項目（テキスト）,
F-mi336TQx22KDhVEsSi5w,IIJ ID ims#10 タイプ,メンバー項目（テキスト）,
u3LhKKENRje6b4vz1OeXPg,IIJ ID ims#10 表示名,メンバー項目（テキスト）,
seJtKGEaSka-YY3ruZu41g,IIJ ID entitlements#2 値,メンバー項目（テキスト）,
uTlMs_QzRIyYCcSzrYh8_Q,IIJ ID entitlements#2 タイプ,メンバー項目（テキスト）,
_PNxJFpFTd6vSGIfjQqv_Q,IIJ ID entitlements#2 表示名,メンバー項目（テキスト）,
0Ppx0v_XSTGl0viimvaXrg,IIJ ID entitlements#3 値,メンバー項目（テキスト）,
padfNseuRd2MHZt3VfE0tw,IIJ ID entitlements#3 タイプ,メンバー項目（テキスト）,
bYE7x-qaTm-VKab8zA8qYg,IIJ ID entitlements#3 表示名,メンバー項目（テキスト）,
SWLi2VBBT62eY90gKhjugQ,IIJ ID entitlements#4 値,メンバー項目（テキスト）,
TCrUhOjtS5WEvhIZ_Z_8pA,IIJ ID entitlements#4 タイプ,メンバー項目（テキスト）,
QwLI_H7ISeuDVLhEIfHyGg,IIJ ID entitlements#4 表示名,メンバー項目（テキスト）,
lvu52WG7SrGRowRbt3JpJg,IIJ ID entitlements#5 値,メンバー項目（テキスト）,
yq-69pBpQi2cX-JDB7v0Fw,IIJ ID entitlements#5 タイプ,メンバー項目（テキスト）,
jCAb2ZZqQxub3HGlqnhlqg,IIJ ID entitlements#5 表示名,メンバー項目（テキスト）,
kLotBbIoS5GKzjAtxiPiVg,IIJ ID entitlements#6 値,メンバー項目（テキスト）,
M7AnhSw_Sxas0eIo3_pzCA,IIJ ID entitlements#6 タイプ,メンバー項目（テキスト）,
bMz4AV57R2KB2zYfoAmzsg,IIJ ID entitlements#6 表示名,メンバー項目（テキスト）,
d-qFETHaSBKmuTRhB-DxEA,IIJ ID entitlements#7 値,メンバー項目（テキスト）,
AzbuRUwJQlelF67r3cxktQ,IIJ ID entitlements#7 タイプ,メンバー項目（テキスト）,
1c4kife4RCmfAb1s6WO39w,IIJ ID entitlements#7 表示名,メンバー項目（テキスト）,
l4deO8yjS269f-dDqtUKxw,IIJ ID entitlements#8 値,メンバー項目（テキスト）,
wcIxuXgDR96vNZpYozeeVw,IIJ ID entitlements#8 タイプ,メンバー項目（テキスト）,
6osIwt56SiWqh1HS-dogCA,IIJ ID entitlements#8 表示名,メンバー項目（テキスト）,
FRagNmqqSpSrgoVBI1B5ww,IIJ ID entitlements#9 値,メンバー項目（テキスト）,
LWrSQzmLSiG9Gi80Byx9_A,IIJ ID entitlements#9 タイプ,メンバー項目（テキスト）,
kjvBBLF5Q6CLFY9JgoBnAg,IIJ ID entitlements#9 表示名,メンバー項目（テキスト）,
lEaWH-j7SdOJyBRacMWUYA,IIJ ID entitlements#10 値,メンバー項目（テキスト）,
XAtLNtCaT2qQuVXSbDnHLQ,IIJ ID entitlements#10 タイプ,メンバー項目（テキスト）,
xkSRX7wZQV6DcWdI0b_yLg,IIJ ID entitlements#10 表示名,メンバー項目（テキスト）,
j6lCICV3RtaPe3oiMro8iQ,IIJ ID entitlements#11 値,メンバー項目（テキスト）,
UMYgFZplTiKYZ8EJVuICmQ,IIJ ID entitlements#11 タイプ,メンバー項目（テキスト）,
5feyjuWCRtGpRtOvpx1vdA,IIJ ID entitlements#11 表示名,メンバー項目（テキスト）,
EAM9BhYnRQq0nGVRnTcdBQ,IIJ ID entitlements#12 値,メンバー項目（テキスト）,
Qv7jVu1oRAWlPjx7PZELEQ,IIJ ID entitlements#12 タイプ,メンバー項目（テキスト）,
wx8g-Xs4Q6SLUBJHpwEobg,IIJ ID entitlements#12 表示名,メンバー項目（テキスト）,
t2aaR4CdScau6L3K6pgiVA,IIJ ID entitlements#13 値,メンバー項目（テキスト）,
CNC8ysHITXCrw0TXbzyndQ,IIJ ID entitlements#13 タイプ,メンバー項目（テキスト）,
FPjRUBN9Q46NcYsg7pXh4A,IIJ ID entitlements#13 表示名,メンバー項目（テキスト）,
dv92lq6fTEitMXWEVKk_Bg,IIJ ID entitlements#14 値,メンバー項目（テキスト）,
ZAlaa1ZDT4Ceexh-dOVyfA,IIJ ID entitlements#14 タイプ,メンバー項目（テキスト）,
1XRrfnGITp2r083Q1zNoyw,IIJ ID entitlements#14 表示名,メンバー項目（テキスト）,
mrDGrE3NTw2IPCEn77U9AQ,IIJ ID entitlements#15 値,メンバー項目（テキスト）,
86Uk1K9ARF2938rhC6Bl1Q,IIJ ID entitlements#15 タイプ,メンバー項目（テキスト）,
_fj_QJZHRy2TdTQlDHaOkw,IIJ ID entitlements#15 表示名,メンバー項目（テキスト）,
N9ErGBTrQRm8h18_zE7obA,IIJ ID entitlements#16 値,メンバー項目（テキスト）,
huvpW1ckR_6_6nifdHz8CA,IIJ ID entitlements#16 タイプ,メンバー項目（テキスト）,
6PK__uE4SBy8_ZivOR-1og,IIJ ID entitlements#16 表示名,メンバー項目（テキスト）,
WgM3FpKfSgCpa9g5WLlt0A,IIJ ID entitlements#17 値,メンバー項目（テキスト）,
ZpV5lPRWRLCMPIt-tLiN4g,IIJ ID entitlements#17 タイプ,メンバー項目（テキスト）,
xGNYcjgGSG2KRMlcqR2ZmA,IIJ ID entitlements#17 表示名,メンバー項目（テキスト）,
VC7TnYHCReO5JpA9eEs3gw,IIJ ID entitlements#18 値,メンバー項目（テキスト）,
DQLO_YrdTLe9XTCdXFzVtw,IIJ ID entitlements#18 タイプ,メンバー項目（テキスト）,
cCrzY8iuRuiHDQxstZbGDQ,IIJ ID entitlements#18 表示名,メンバー項目（テキスト）,
w6UmOfC5TwG-KUNL8A2Y5g,IIJ ID entitlements#19 値,メンバー項目（テキスト）,
rVd1lgflReaJujS1znFtYw,IIJ ID entitlements#19 タイプ,メンバー項目（テキスト）,
pCmngzprT1G-WVgwKtkDGg,IIJ ID entitlements#19 表示名,メンバー項目（テキスト）,
NZ2e4IOpQYG-hBzIkPmghw,IIJ ID entitlements#20 値,メンバー項目（テキスト）,
5Gy40KI2Qh2ooU-fpNdcWg,IIJ ID entitlements#20 タイプ,メンバー項目（テキスト）,
kKNcDzQTTvWeTWeooydJrA,IIJ ID entitlements#20 表示名,メンバー項目（テキスト）,
ou6E2-zWSwyCDnCRJVx8Eg,IIJ ID x509Certificates#1 値,メンバー項目（テキスト）,
q8F0-MXgQDO01fh2gUCBeg,IIJ ID x509Certificates#1 タイプ,メンバー項目（テキスト）,
bufodT7kQqOuZonRhWK4WQ,IIJ ID x509Certificates#1 表示名,メンバー項目（テキスト）,
kcAqzgBdSlSTYUbivXvGnw,IIJ ID x509Certificates#2 値,メンバー項目（テキスト）,
RB2OQ5WgRHqX_WKxxM1FIw,IIJ ID x509Certificates#2 タイプ,メンバー項目（テキスト）,
R4U7Sn6xRVm1qhr85F-Amw,IIJ ID x509Certificates#2 表示名,メンバー項目（テキスト）,
naLOEmD1RQuHL1Wow_A7wA,IIJ ID x509Certificates#3 値,メンバー項目（テキスト）,
7Ni4j2rlTvm_OyMm2uImHQ,IIJ ID x509Certificates#3 タイプ,メンバー項目（テキスト）,
NWdhz-VOTTuFmhmnU_-Cvg,IIJ ID x509Certificates#3 表示名,メンバー項目（テキスト）,
XqrIt83GQmuWJUFchwviRQ,IIJ ID x509Certificates#4 値,メンバー項目（テキスト）,
HLITV6b3TGKKFIdUG8zf3A,IIJ ID x509Certificates#4 タイプ,メンバー項目（テキスト）,
ugKEkyyDTx-PDEDOFeIshQ,IIJ ID x509Certificates#4 表示名,メンバー項目（テキスト）,
FFqGwkaQScSi2P4d7ZZWTg,IIJ ID x509Certificates#5 値,メンバー項目（テキスト）,
Ms-EpzXJTQ2LattaVGUgeQ,IIJ ID x509Certificates#5 タイプ,メンバー項目（テキスト）,
KiFyKWpeSuWqfxoTZfO0_w,IIJ ID x509Certificates#5 表示名,メンバー項目（テキスト）,
DVnRI64dTTW0LJxPkD93Bw,IIJ ID x509Certificates#6 値,メンバー項目（テキスト）,
qglAvuGlTzih_FtV0IP6aA,IIJ ID x509Certificates#6 タイプ,メンバー項目（テキスト）,
GwQWlir_SUaHT3U3N9tqhA,IIJ ID x509Certificates#6 表示名,メンバー項目（テキスト）,
OpR6LmSmSAaKgdTWLq_QGQ,IIJ ID x509Certificates#7 値,メンバー項目（テキスト）,
0_4CmaWVTqGc3WEO13gB9Q,IIJ ID x509Certificates#7 タイプ,メンバー項目（テキスト）,
SnLQNSEkQ4SAoIUXFk0UIQ,IIJ ID x509Certificates#7 表示名,メンバー項目（テキスト）,
gsqWIpa_QD6tX_OB02QBxA,IIJ ID x509Certificates#8 値,メンバー項目（テキスト）,
WYsc2e7MRDmWX--_Kk8_lQ,IIJ ID x509Certificates#8 タイプ,メンバー項目（テキスト）,
uUHDuhzsQ-GgSC-PN8ATwg,IIJ ID x509Certificates#8 表示名,メンバー項目（テキスト）,
kQF7YANxQZC7UPT8Y7b87g,IIJ ID x509Certificates#9 値,メンバー項目（テキスト）,
83qMaR6mTkqZ6pUwk7cdIg,IIJ ID x509Certificates#9 タイプ,メンバー項目（テキスト）,
ACMamIj7Tpm8BfcJqXEG9Q,IIJ ID x509Certificates#9 表示名,メンバー項目（テキスト）,
eJNoj5-dSAO1C2bfLaHcMQ,IIJ ID x509Certificates#10 値,メンバー項目（テキスト）,
XdsQCGnKT1mSc-qPD9TLJg,IIJ ID x509Certificates#10 タイプ,メンバー項目（テキスト）,
DAGyMc-YQ3GsWCdmwwUUgw,IIJ ID x509Certificates#10 表示名,メンバー項目（テキスト）,
7nQG0FRmTk6tRAP86Gz6gw,IIJ ID x509Certificates#11 値,メンバー項目（テキスト）,
XGaAZoTDS46qNtHAfiZ17A,IIJ ID x509Certificates#11 タイプ,メンバー項目（テキスト）,
1tIjjw4XSReglYXR85YL7w,IIJ ID x509Certificates#11 表示名,メンバー項目（テキスト）,
Y1k3bkOMSEG28PDLEGFiyQ,IIJ ID x509Certificates#12 値,メンバー項目（テキスト）,
E92XEs7jRo2EUJaslGN4DQ,IIJ ID x509Certificates#12 タイプ,メンバー項目（テキスト）,
ljvrfFxlQWapKbF6khAgtQ,IIJ ID x509Certificates#12 表示名,メンバー項目（テキスト）,
Y9Ygf5X3Ri6xCXgKTTl5_Q,IIJ ID x509Certificates#13 値,メンバー項目（テキスト）,
IAXol3iPSiuBYzWwPODp2Q,IIJ ID x509Certificates#13 タイプ,メンバー項目（テキスト）,
a14PasQMQtWmGut-bG1BOw,IIJ ID x509Certificates#13 表示名,メンバー項目（テキスト）,
yuUsBKvIQLmNyf--cU58cw,IIJ ID x509Certificates#14 値,メンバー項目（テキスト）,
nB9p8c9OQQuLNqRIqFvu_g,IIJ ID x509Certificates#14 タイプ,メンバー項目（テキスト）,
TmMmiosrRO6r-__pSvE_ow,IIJ ID x509Certificates#14 表示名,メンバー項目（テキスト）,
t4k5rvBbQJqHP26qS_eDsw,IIJ ID x509Certificates#15 値,メンバー項目（テキスト）,
z4ZblJXCRfeuQAgDCQM4kw,IIJ ID x509Certificates#15 タイプ,メンバー項目（テキスト）,
yt1ixONIRUC97U5BvE3YKQ,IIJ ID x509Certificates#15 表示名,メンバー項目（テキスト）,
AnXUrFacSreSFKxMTWLp0Q,IIJ ID x509Certificates#16 値,メンバー項目（テキスト）,
TH0g9EW-Re2rE8nflB6SJg,IIJ ID x509Certificates#16 タイプ,メンバー項目（テキスト）,
qH2VXSglRda9ubc3HRh9RA,IIJ ID x509Certificates#16 表示名,メンバー項目（テキスト）,
UqqbOY-HSxCPwzWXi2Oy4g,IIJ ID x509Certificates#17 値,メンバー項目（テキスト）,
4CZZJh_-RiGCsbvGOBrukA,IIJ ID x509Certificates#17 タイプ,メンバー項目（テキスト）,
jL0rfq0USG25Kie7GFperg,IIJ ID x509Certificates#17 表示名,メンバー項目（テキスト）,
XODEzMt0T5myOLDL61EBlw,IIJ ID x509Certificates#18 値,メンバー項目（テキスト）,
K7wwz7qPQA-Cp4q100eGdw,IIJ ID x509Certificates#18 タイプ,メンバー項目（テキスト）,
kNak1UDtQu-0mVQjKgqsEw,IIJ ID x509Certificates#18 表示名,メンバー項目（テキスト）,
kVnQd0G6SOqgBqiYzn4hrg,IIJ ID x509Certificates#19 値,メンバー項目（テキスト）,
MSQdJxg-Qk66xzFBtIaaeA,IIJ ID x509Certificates#19 タイプ,メンバー項目（テキスト）,
yGZvm537Q6CfxMgb7QIr6A,IIJ ID x509Certificates#19 表示名,メンバー項目（テキスト）,
T0thn-nRTWyX6hx1fvcWjg,IIJ ID x509Certificates#20 値,メンバー項目（テキスト）,
XVey8htCSoujXg1S1WlH_Q,IIJ ID x509Certificates#20 タイプ,メンバー項目（テキスト）,
Sahz7m4NQU2-IJ5WOBx4Ow,IIJ ID x509Certificates#20 表示名,メンバー項目（テキスト）,
2OQqov_0T5e17zghCFvWiQ,IIJ ID アプリケーション連携ID,メンバー項目（テキスト）,
5BtKmvcdRNGc_f2XGH2y5Q,IIJ ID entitlements#1 値,メンバー項目（テキスト）,
T0X-RxBhTz2PP7yBsrAZ5Q,IIJ ID entitlements#1 タイプ,メンバー項目（テキスト）,
5zbprFxPS7GqgMMxkDeiWg,IIJ ID entitlements#1 表示名,メンバー項目（テキスト）,
